id_paisano,desagregacion,pais_cod,encuesta,ano,valor,desagregacion_por_orden,valor_errorestandar,comparacion_por,comparacion_por_orden,pais,detalle_indicador,indicador,disclaimer
ARG2013,Ratio mujeres/hombres (con hijos de 0 a 5 años),ARG,MUT - EAHU 2013,2013,3.447903394699097,33,,Ratio hijos,13,Argentina,Horas semanales promedio dedicadas a tareas domésticas en el hogar.,Horas en tareas domésticas,Población de referencia entre 25 y 64 años. Las series pueden presentar saltos por cambios metodológicos en las encuestas (ver documentos metodológicos). Fuente: GenLAC (CEDLAS).
ARG2013,Ratio mujeres/hombres (con hijos de 6 años o más),ARG,MUT - EAHU 2013,2013,3.465712070465088,34,,Ratio hijos,13,Argentina,Horas semanales promedio dedicadas a tareas domésticas en el hogar.,Horas en tareas domésticas,Población de referencia entre 25 y 64 años. Las series pueden presentar saltos por cambios metodológicos en las encuestas (ver documentos metodológicos). Fuente: GenLAC (CEDLAS).
ARG2013,Ratio mujeres/hombres (baja calificación),ARG,MUT - EAHU 2013,2013,3.617681980133057,27,,Ratio calificación,15,Argentina,Horas semanales promedio dedicadas a tareas domésticas en el hogar.,Horas en tareas domésticas,Población de referencia entre 25 y 64 años. Las series pueden presentar saltos por cambios metodológicos en las encuestas (ver documentos metodológicos). Fuente: GenLAC (CEDLAS).
ARG2013,Ratio mujeres/hombres (sin hijos),ARG,MUT - EAHU 2013,2013,1.892681360244751,32,,Ratio hijos,13,Argentina,Horas semanales promedio dedicadas a tareas domésticas en el hogar.,Horas en tareas domésticas,Población de referencia entre 25 y 64 años. Las series pueden presentar saltos por cambios metodológicos en las encuestas (ver documentos metodológicos). Fuente: GenLAC (CEDLAS).
ARG2013,Ratio mujeres/hombres (en pareja),ARG,MUT - EAHU 2013,2013,3.443589210510254,31,,Ratio situación conyugal,14,Argentina,Horas semanales promedio dedicadas a tareas domésticas en el hogar.,Horas en tareas domésticas,Población de referencia entre 25 y 64 años. Las series pueden presentar saltos por cambios metodológicos en las encuestas (ver documentos metodológicos). Fuente: GenLAC (CEDLAS).
ARG2013,Ratio mujeres/hombres (solteros),ARG,MUT - EAHU 2013,2013,2.292568683624268,30,,Ratio situación conyugal,14,Argentina,Horas semanales promedio dedicadas a tareas domésticas en el hogar.,Horas en tareas domésticas,Población de referencia entre 25 y 64 años. Las series pueden presentar saltos por cambios metodológicos en las encuestas (ver documentos metodológicos). Fuente: GenLAC (CEDLAS).
ARG2013,Ratio mujeres/hombres (media calificación),ARG,MUT - EAHU 2013,2013,3.061096906661987,28,,Ratio calificación,15,Argentina,Horas semanales promedio dedicadas a tareas domésticas en el hogar.,Horas en tareas domésticas,Población de referencia entre 25 y 64 años. Las series pueden presentar saltos por cambios metodológicos en las encuestas (ver documentos metodológicos). Fuente: GenLAC (CEDLAS).
ARG2013,Ratio mujeres/hombres (alta calificación),ARG,MUT - EAHU 2013,2013,2.510829925537109,29,,Ratio calificación,15,Argentina,Horas semanales promedio dedicadas a tareas domésticas en el hogar.,Horas en tareas domésticas,Población de referencia entre 25 y 64 años. Las series pueden presentar saltos por cambios metodológicos en las encuestas (ver documentos metodológicos). Fuente: GenLAC (CEDLAS).
ARG2013,Ratio mujeres/hombres,ARG,MUT - EAHU 2013,2013,3.060312986373901,26,,Ratio mujeres/hombres,6,Argentina,Horas semanales promedio dedicadas a tareas domésticas en el hogar.,Horas en tareas domésticas,Población de referencia entre 25 y 64 años. Las series pueden presentar saltos por cambios metodológicos en las encuestas (ver documentos metodológicos). Fuente: GenLAC (CEDLAS).
CHL2015,Ratio mujeres/hombres (con hijos de 0 a 5 años),CHL,ENUT 2015,2015,2.601608037948608,33,,Ratio hijos,13,Chile,Horas semanales promedio dedicadas a tareas domésticas en el hogar.,Horas en tareas domésticas,Población de referencia entre 25 y 64 años. Las series pueden presentar saltos por cambios metodológicos en las encuestas (ver documentos metodológicos). Fuente: GenLAC (CEDLAS).
CHL2015,Ratio mujeres/hombres (baja calificación),CHL,ENUT 2015,2015,2.63463830947876,27,,Ratio calificación,15,Chile,Horas semanales promedio dedicadas a tareas domésticas en el hogar.,Horas en tareas domésticas,Población de referencia entre 25 y 64 años. Las series pueden presentar saltos por cambios metodológicos en las encuestas (ver documentos metodológicos). Fuente: GenLAC (CEDLAS).
CHL2015,Ratio mujeres/hombres (con hijos de 6 años o más),CHL,ENUT 2015,2015,2.60240650177002,34,,Ratio hijos,13,Chile,Horas semanales promedio dedicadas a tareas domésticas en el hogar.,Horas en tareas domésticas,Población de referencia entre 25 y 64 años. Las series pueden presentar saltos por cambios metodológicos en las encuestas (ver documentos metodológicos). Fuente: GenLAC (CEDLAS).
CHL2015,Ratio mujeres/hombres (en pareja),CHL,ENUT 2015,2015,2.594340324401856,31,,Ratio situación conyugal,14,Chile,Horas semanales promedio dedicadas a tareas domésticas en el hogar.,Horas en tareas domésticas,Población de referencia entre 25 y 64 años. Las series pueden presentar saltos por cambios metodológicos en las encuestas (ver documentos metodológicos). Fuente: GenLAC (CEDLAS).
CHL2015,Ratio mujeres/hombres (solteros),CHL,ENUT 2015,2015,1.897135376930237,30,,Ratio situación conyugal,14,Chile,Horas semanales promedio dedicadas a tareas domésticas en el hogar.,Horas en tareas domésticas,Población de referencia entre 25 y 64 años. Las series pueden presentar saltos por cambios metodológicos en las encuestas (ver documentos metodológicos). Fuente: GenLAC (CEDLAS).
CHL2015,Ratio mujeres/hombres (sin hijos),CHL,ENUT 2015,2015,1.70936381816864,32,,Ratio hijos,13,Chile,Horas semanales promedio dedicadas a tareas domésticas en el hogar.,Horas en tareas domésticas,Población de referencia entre 25 y 64 años. Las series pueden presentar saltos por cambios metodológicos en las encuestas (ver documentos metodológicos). Fuente: GenLAC (CEDLAS).
CHL2015,Ratio mujeres/hombres (alta calificación),CHL,ENUT 2015,2015,1.939419627189636,29,,Ratio calificación,15,Chile,Horas semanales promedio dedicadas a tareas domésticas en el hogar.,Horas en tareas domésticas,Población de referencia entre 25 y 64 años. Las series pueden presentar saltos por cambios metodológicos en las encuestas (ver documentos metodológicos). Fuente: GenLAC (CEDLAS).
CHL2015,Ratio mujeres/hombres,CHL,ENUT 2015,2015,2.325040102005005,26,,Ratio mujeres/hombres,6,Chile,Horas semanales promedio dedicadas a tareas domésticas en el hogar.,Horas en tareas domésticas,Población de referencia entre 25 y 64 años. Las series pueden presentar saltos por cambios metodológicos en las encuestas (ver documentos metodológicos). Fuente: GenLAC (CEDLAS).
CHL2015,Ratio mujeres/hombres (media calificación),CHL,ENUT 2015,2015,2.528838157653809,28,,Ratio calificación,15,Chile,Horas semanales promedio dedicadas a tareas domésticas en el hogar.,Horas en tareas domésticas,Población de referencia entre 25 y 64 años. Las series pueden presentar saltos por cambios metodológicos en las encuestas (ver documentos metodológicos). Fuente: GenLAC (CEDLAS).
COL2012,Ratio mujeres/hombres (sin hijos),COL,ENUT 2012-13,2012,2.835772275924683,32,,Ratio hijos,13,Colombia,Horas semanales promedio dedicadas a tareas domésticas en el hogar.,Horas en tareas domésticas,Población de referencia entre 25 y 64 años. Las series pueden presentar saltos por cambios metodológicos en las encuestas (ver documentos metodológicos). Fuente: GenLAC (CEDLAS).
COL2012,Ratio mujeres/hombres (en pareja),COL,ENUT 2012-13,2012,5.341674327850342,31,,Ratio situación conyugal,14,Colombia,Horas semanales promedio dedicadas a tareas domésticas en el hogar.,Horas en tareas domésticas,Población de referencia entre 25 y 64 años. Las series pueden presentar saltos por cambios metodológicos en las encuestas (ver documentos metodológicos). Fuente: GenLAC (CEDLAS).
COL2012,Ratio mujeres/hombres,COL,ENUT 2012-13,2012,4.338099002838135,26,,Ratio mujeres/hombres,6,Colombia,Horas semanales promedio dedicadas a tareas domésticas en el hogar.,Horas en tareas domésticas,Población de referencia entre 25 y 64 años. Las series pueden presentar saltos por cambios metodológicos en las encuestas (ver documentos metodológicos). Fuente: GenLAC (CEDLAS).
COL2012,Ratio mujeres/hombres (con hijos de 0 a 5 años),COL,ENUT 2012-13,2012,5.54048490524292,33,,Ratio hijos,13,Colombia,Horas semanales promedio dedicadas a tareas domésticas en el hogar.,Horas en tareas domésticas,Población de referencia entre 25 y 64 años. Las series pueden presentar saltos por cambios metodológicos en las encuestas (ver documentos metodológicos). Fuente: GenLAC (CEDLAS).
COL2012,Ratio mujeres/hombres (solteros),COL,ENUT 2012-13,2012,2.829146146774292,30,,Ratio situación conyugal,14,Colombia,Horas semanales promedio dedicadas a tareas domésticas en el hogar.,Horas en tareas domésticas,Población de referencia entre 25 y 64 años. Las series pueden presentar saltos por cambios metodológicos en las encuestas (ver documentos metodológicos). Fuente: GenLAC (CEDLAS).
COL2012,Ratio mujeres/hombres (media calificación),COL,ENUT 2012-13,2012,4.237179279327393,28,,Ratio calificación,15,Colombia,Horas semanales promedio dedicadas a tareas domésticas en el hogar.,Horas en tareas domésticas,Población de referencia entre 25 y 64 años. Las series pueden presentar saltos por cambios metodológicos en las encuestas (ver documentos metodológicos). Fuente: GenLAC (CEDLAS).
COL2012,Ratio mujeres/hombres (con hijos de 6 años o más),COL,ENUT 2012-13,2012,4.968737125396729,34,,Ratio hijos,13,Colombia,Horas semanales promedio dedicadas a tareas domésticas en el hogar.,Horas en tareas domésticas,Población de referencia entre 25 y 64 años. Las series pueden presentar saltos por cambios metodológicos en las encuestas (ver documentos metodológicos). Fuente: GenLAC (CEDLAS).
COL2012,Ratio mujeres/hombres (baja calificación),COL,ENUT 2012-13,2012,5.316914558410645,27,,Ratio calificación,15,Colombia,Horas semanales promedio dedicadas a tareas domésticas en el hogar.,Horas en tareas domésticas,Población de referencia entre 25 y 64 años. Las series pueden presentar saltos por cambios metodológicos en las encuestas (ver documentos metodológicos). Fuente: GenLAC (CEDLAS).
COL2012,Ratio mujeres/hombres (alta calificación),COL,ENUT 2012-13,2012,2.440354108810425,29,,Ratio calificación,15,Colombia,Horas semanales promedio dedicadas a tareas domésticas en el hogar.,Horas en tareas domésticas,Población de referencia entre 25 y 64 años. Las series pueden presentar saltos por cambios metodológicos en las encuestas (ver documentos metodológicos). Fuente: GenLAC (CEDLAS).
COL2016,Ratio mujeres/hombres (sin hijos),COL,ENUT 2016-17,2016,2.557307481765747,32,,Ratio hijos,13,Colombia,Horas semanales promedio dedicadas a tareas domésticas en el hogar.,Horas en tareas domésticas,Población de referencia entre 25 y 64 años. Las series pueden presentar saltos por cambios metodológicos en las encuestas (ver documentos metodológicos). Fuente: GenLAC (CEDLAS).
COL2016,Ratio mujeres/hombres (alta calificación),COL,ENUT 2016-17,2016,2.418033123016357,29,,Ratio calificación,15,Colombia,Horas semanales promedio dedicadas a tareas domésticas en el hogar.,Horas en tareas domésticas,Población de referencia entre 25 y 64 años. Las series pueden presentar saltos por cambios metodológicos en las encuestas (ver documentos metodológicos). Fuente: GenLAC (CEDLAS).
COL2016,Ratio mujeres/hombres (media calificación),COL,ENUT 2016-17,2016,3.896173715591431,28,,Ratio calificación,15,Colombia,Horas semanales promedio dedicadas a tareas domésticas en el hogar.,Horas en tareas domésticas,Población de referencia entre 25 y 64 años. Las series pueden presentar saltos por cambios metodológicos en las encuestas (ver documentos metodológicos). Fuente: GenLAC (CEDLAS).
COL2016,Ratio mujeres/hombres (baja calificación),COL,ENUT 2016-17,2016,4.911819934844971,27,,Ratio calificación,15,Colombia,Horas semanales promedio dedicadas a tareas domésticas en el hogar.,Horas en tareas domésticas,Población de referencia entre 25 y 64 años. Las series pueden presentar saltos por cambios metodológicos en las encuestas (ver documentos metodológicos). Fuente: GenLAC (CEDLAS).
COL2016,Ratio mujeres/hombres (con hijos de 6 años o más),COL,ENUT 2016-17,2016,4.593118190765381,34,,Ratio hijos,13,Colombia,Horas semanales promedio dedicadas a tareas domésticas en el hogar.,Horas en tareas domésticas,Población de referencia entre 25 y 64 años. Las series pueden presentar saltos por cambios metodológicos en las encuestas (ver documentos metodológicos). Fuente: GenLAC (CEDLAS).
COL2016,Ratio mujeres/hombres (con hijos de 0 a 5 años),COL,ENUT 2016-17,2016,5.030640125274658,33,,Ratio hijos,13,Colombia,Horas semanales promedio dedicadas a tareas domésticas en el hogar.,Horas en tareas domésticas,Población de referencia entre 25 y 64 años. Las series pueden presentar saltos por cambios metodológicos en las encuestas (ver documentos metodológicos). Fuente: GenLAC (CEDLAS).
COL2016,Ratio mujeres/hombres (en pareja),COL,ENUT 2016-17,2016,4.83944034576416,31,,Ratio situación conyugal,14,Colombia,Horas semanales promedio dedicadas a tareas domésticas en el hogar.,Horas en tareas domésticas,Población de referencia entre 25 y 64 años. Las series pueden presentar saltos por cambios metodológicos en las encuestas (ver documentos metodológicos). Fuente: GenLAC (CEDLAS).
COL2016,Ratio mujeres/hombres (solteros),COL,ENUT 2016-17,2016,2.743124723434448,30,,Ratio situación conyugal,14,Colombia,Horas semanales promedio dedicadas a tareas domésticas en el hogar.,Horas en tareas domésticas,Población de referencia entre 25 y 64 años. Las series pueden presentar saltos por cambios metodológicos en las encuestas (ver documentos metodológicos). Fuente: GenLAC (CEDLAS).
COL2016,Ratio mujeres/hombres,COL,ENUT 2016-17,2016,3.989539623260498,26,,Ratio mujeres/hombres,6,Colombia,Horas semanales promedio dedicadas a tareas domésticas en el hogar.,Horas en tareas domésticas,Población de referencia entre 25 y 64 años. Las series pueden presentar saltos por cambios metodológicos en las encuestas (ver documentos metodológicos). Fuente: GenLAC (CEDLAS).
CRI2004,Ratio mujeres/hombres (solteros),CRI,MUT EHPM 2004,2004,3.493643522262573,30,,Ratio situación conyugal,14,Costa Rica,Horas semanales promedio dedicadas a tareas domésticas en el hogar.,Horas en tareas domésticas,Población de referencia entre 25 y 64 años. Las series pueden presentar saltos por cambios metodológicos en las encuestas (ver documentos metodológicos). Fuente: GenLAC (CEDLAS).
CRI2004,Ratio mujeres/hombres (sin hijos),CRI,MUT EHPM 2004,2004,2.802363872528076,32,,Ratio hijos,13,Costa Rica,Horas semanales promedio dedicadas a tareas domésticas en el hogar.,Horas en tareas domésticas,Población de referencia entre 25 y 64 años. Las series pueden presentar saltos por cambios metodológicos en las encuestas (ver documentos metodológicos). Fuente: GenLAC (CEDLAS).
CRI2004,Ratio mujeres/hombres (en pareja),CRI,MUT EHPM 2004,2004,4.71097469329834,31,,Ratio situación conyugal,14,Costa Rica,Horas semanales promedio dedicadas a tareas domésticas en el hogar.,Horas en tareas domésticas,Población de referencia entre 25 y 64 años. Las series pueden presentar saltos por cambios metodológicos en las encuestas (ver documentos metodológicos). Fuente: GenLAC (CEDLAS).
CRI2004,Ratio mujeres/hombres (con hijos de 0 a 5 años),CRI,MUT EHPM 2004,2004,5.477859497070313,33,,Ratio hijos,13,Costa Rica,Horas semanales promedio dedicadas a tareas domésticas en el hogar.,Horas en tareas domésticas,Población de referencia entre 25 y 64 años. Las series pueden presentar saltos por cambios metodológicos en las encuestas (ver documentos metodológicos). Fuente: GenLAC (CEDLAS).
CRI2004,Ratio mujeres/hombres (con hijos de 6 años o más),CRI,MUT EHPM 2004,2004,4.345908641815186,34,,Ratio hijos,13,Costa Rica,Horas semanales promedio dedicadas a tareas domésticas en el hogar.,Horas en tareas domésticas,Población de referencia entre 25 y 64 años. Las series pueden presentar saltos por cambios metodológicos en las encuestas (ver documentos metodológicos). Fuente: GenLAC (CEDLAS).
CRI2004,Ratio mujeres/hombres (alta calificación),CRI,MUT EHPM 2004,2004,2.578552484512329,29,,Ratio calificación,15,Costa Rica,Horas semanales promedio dedicadas a tareas domésticas en el hogar.,Horas en tareas domésticas,Población de referencia entre 25 y 64 años. Las series pueden presentar saltos por cambios metodológicos en las encuestas (ver documentos metodológicos). Fuente: GenLAC (CEDLAS).
CRI2004,Ratio mujeres/hombres (media calificación),CRI,MUT EHPM 2004,2004,3.580804586410523,28,,Ratio calificación,15,Costa Rica,Horas semanales promedio dedicadas a tareas domésticas en el hogar.,Horas en tareas domésticas,Población de referencia entre 25 y 64 años. Las series pueden presentar saltos por cambios metodológicos en las encuestas (ver documentos metodológicos). Fuente: GenLAC (CEDLAS).
CRI2004,Ratio mujeres/hombres,CRI,MUT EHPM 2004,2004,4.325285911560059,26,,Ratio mujeres/hombres,6,Costa Rica,Horas semanales promedio dedicadas a tareas domésticas en el hogar.,Horas en tareas domésticas,Población de referencia entre 25 y 64 años. Las series pueden presentar saltos por cambios metodológicos en las encuestas (ver documentos metodológicos). Fuente: GenLAC (CEDLAS).
CRI2004,Ratio mujeres/hombres (baja calificación),CRI,MUT EHPM 2004,2004,5.311892986297607,27,,Ratio calificación,15,Costa Rica,Horas semanales promedio dedicadas a tareas domésticas en el hogar.,Horas en tareas domésticas,Población de referencia entre 25 y 64 años. Las series pueden presentar saltos por cambios metodológicos en las encuestas (ver documentos metodológicos). Fuente: GenLAC (CEDLAS).
CRI2017,Ratio mujeres/hombres (con hijos de 6 años o más),CRI,ENUT 2017,2017,,34,,Ratio hijos,13,Costa Rica,Horas semanales promedio dedicadas a tareas domésticas en el hogar.,Horas en tareas domésticas,Población de referencia entre 25 y 64 años. Las series pueden presentar saltos por cambios metodológicos en las encuestas (ver documentos metodológicos). Fuente: GenLAC (CEDLAS).
CRI2017,Ratio mujeres/hombres (media calificación),CRI,ENUT 2017,2017,2.61427116394043,28,,Ratio calificación,15,Costa Rica,Horas semanales promedio dedicadas a tareas domésticas en el hogar.,Horas en tareas domésticas,Población de referencia entre 25 y 64 años. Las series pueden presentar saltos por cambios metodológicos en las encuestas (ver documentos metodológicos). Fuente: GenLAC (CEDLAS).
CRI2017,Ratio mujeres/hombres (sin hijos),CRI,ENUT 2017,2017,,32,,Ratio hijos,13,Costa Rica,Horas semanales promedio dedicadas a tareas domésticas en el hogar.,Horas en tareas domésticas,Población de referencia entre 25 y 64 años. Las series pueden presentar saltos por cambios metodológicos en las encuestas (ver documentos metodológicos). Fuente: GenLAC (CEDLAS).
CRI2017,Ratio mujeres/hombres (en pareja),CRI,ENUT 2017,2017,3.33259129524231,31,,Ratio situación conyugal,14,Costa Rica,Horas semanales promedio dedicadas a tareas domésticas en el hogar.,Horas en tareas domésticas,Población de referencia entre 25 y 64 años. Las series pueden presentar saltos por cambios metodológicos en las encuestas (ver documentos metodológicos). Fuente: GenLAC (CEDLAS).
CRI2017,Ratio mujeres/hombres (solteros),CRI,ENUT 2017,2017,2.018895387649536,30,,Ratio situación conyugal,14,Costa Rica,Horas semanales promedio dedicadas a tareas domésticas en el hogar.,Horas en tareas domésticas,Población de referencia entre 25 y 64 años. Las series pueden presentar saltos por cambios metodológicos en las encuestas (ver documentos metodológicos). Fuente: GenLAC (CEDLAS).
CRI2017,Ratio mujeres/hombres (alta calificación),CRI,ENUT 2017,2017,1.897763609886169,29,,Ratio calificación,15,Costa Rica,Horas semanales promedio dedicadas a tareas domésticas en el hogar.,Horas en tareas domésticas,Población de referencia entre 25 y 64 años. Las series pueden presentar saltos por cambios metodológicos en las encuestas (ver documentos metodológicos). Fuente: GenLAC (CEDLAS).
CRI2017,Ratio mujeres/hombres,CRI,ENUT 2017,2017,2.79339075088501,26,,Ratio mujeres/hombres,6,Costa Rica,Horas semanales promedio dedicadas a tareas domésticas en el hogar.,Horas en tareas domésticas,Población de referencia entre 25 y 64 años. Las series pueden presentar saltos por cambios metodológicos en las encuestas (ver documentos metodológicos). Fuente: GenLAC (CEDLAS).
CRI2017,Ratio mujeres/hombres (baja calificación),CRI,ENUT 2017,2017,3.395000457763672,27,,Ratio calificación,15,Costa Rica,Horas semanales promedio dedicadas a tareas domésticas en el hogar.,Horas en tareas domésticas,Población de referencia entre 25 y 64 años. Las series pueden presentar saltos por cambios metodológicos en las encuestas (ver documentos metodológicos). Fuente: GenLAC (CEDLAS).
CRI2017,Ratio mujeres/hombres (con hijos de 0 a 5 años),CRI,ENUT 2017,2017,,33,,Ratio hijos,13,Costa Rica,Horas semanales promedio dedicadas a tareas domésticas en el hogar.,Horas en tareas domésticas,Población de referencia entre 25 y 64 años. Las series pueden presentar saltos por cambios metodológicos en las encuestas (ver documentos metodológicos). Fuente: GenLAC (CEDLAS).
ECU2012,Ratio mujeres/hombres (alta calificación),ECU,EUT 2012,2012,3.256794691085815,29,,Ratio calificación,15,Ecuador,Horas semanales promedio dedicadas a tareas domésticas en el hogar.,Horas en tareas domésticas,Población de referencia entre 25 y 64 años. Las series pueden presentar saltos por cambios metodológicos en las encuestas (ver documentos metodológicos). Fuente: GenLAC (CEDLAS).
ECU2012,Ratio mujeres/hombres (con hijos de 0 a 5 años),ECU,EUT 2012,2012,5.772420883178711,33,,Ratio hijos,13,Ecuador,Horas semanales promedio dedicadas a tareas domésticas en el hogar.,Horas en tareas domésticas,Población de referencia entre 25 y 64 años. Las series pueden presentar saltos por cambios metodológicos en las encuestas (ver documentos metodológicos). Fuente: GenLAC (CEDLAS).
ECU2012,Ratio mujeres/hombres (en pareja),ECU,EUT 2012,2012,4.919214248657227,31,,Ratio situación conyugal,14,Ecuador,Horas semanales promedio dedicadas a tareas domésticas en el hogar.,Horas en tareas domésticas,Población de referencia entre 25 y 64 años. Las series pueden presentar saltos por cambios metodológicos en las encuestas (ver documentos metodológicos). Fuente: GenLAC (CEDLAS).
ECU2012,Ratio mujeres/hombres (con hijos de 6 años o más),ECU,EUT 2012,2012,4.878700733184815,34,,Ratio hijos,13,Ecuador,Horas semanales promedio dedicadas a tareas domésticas en el hogar.,Horas en tareas domésticas,Población de referencia entre 25 y 64 años. Las series pueden presentar saltos por cambios metodológicos en las encuestas (ver documentos metodológicos). Fuente: GenLAC (CEDLAS).
ECU2012,Ratio mujeres/hombres (sin hijos),ECU,EUT 2012,2012,2.615176677703857,32,,Ratio hijos,13,Ecuador,Horas semanales promedio dedicadas a tareas domésticas en el hogar.,Horas en tareas domésticas,Población de referencia entre 25 y 64 años. Las series pueden presentar saltos por cambios metodológicos en las encuestas (ver documentos metodológicos). Fuente: GenLAC (CEDLAS).
ECU2012,Ratio mujeres/hombres (solteros),ECU,EUT 2012,2012,4.147336006164551,30,,Ratio situación conyugal,14,Ecuador,Horas semanales promedio dedicadas a tareas domésticas en el hogar.,Horas en tareas domésticas,Población de referencia entre 25 y 64 años. Las series pueden presentar saltos por cambios metodológicos en las encuestas (ver documentos metodológicos). Fuente: GenLAC (CEDLAS).
ECU2012,Ratio mujeres/hombres (baja calificación),ECU,EUT 2012,2012,4.849718570709229,27,,Ratio calificación,15,Ecuador,Horas semanales promedio dedicadas a tareas domésticas en el hogar.,Horas en tareas domésticas,Población de referencia entre 25 y 64 años. Las series pueden presentar saltos por cambios metodológicos en las encuestas (ver documentos metodológicos). Fuente: GenLAC (CEDLAS).
ECU2012,Ratio mujeres/hombres,ECU,EUT 2012,2012,4.490971565246582,26,,Ratio mujeres/hombres,6,Ecuador,Horas semanales promedio dedicadas a tareas domésticas en el hogar.,Horas en tareas domésticas,Población de referencia entre 25 y 64 años. Las series pueden presentar saltos por cambios metodológicos en las encuestas (ver documentos metodológicos). Fuente: GenLAC (CEDLAS).
ECU2012,Ratio mujeres/hombres (media calificación),ECU,EUT 2012,2012,4.629837512969971,28,,Ratio calificación,15,Ecuador,Horas semanales promedio dedicadas a tareas domésticas en el hogar.,Horas en tareas domésticas,Población de referencia entre 25 y 64 años. Las series pueden presentar saltos por cambios metodológicos en las encuestas (ver documentos metodológicos). Fuente: GenLAC (CEDLAS).
SLV2017,Ratio mujeres/hombres,SLV,ENUT 2017,2017,3.729954242706299,26,,Ratio mujeres/hombres,6,El Salvador,Horas semanales promedio dedicadas a tareas domésticas en el hogar.,Horas en tareas domésticas,Población de referencia entre 25 y 64 años. Las series pueden presentar saltos por cambios metodológicos en las encuestas (ver documentos metodológicos). Fuente: GenLAC (CEDLAS).
SLV2017,Ratio mujeres/hombres (con hijos de 0 a 5 años),SLV,ENUT 2017,2017,4.552502632141113,33,,Ratio hijos,13,El Salvador,Horas semanales promedio dedicadas a tareas domésticas en el hogar.,Horas en tareas domésticas,Población de referencia entre 25 y 64 años. Las series pueden presentar saltos por cambios metodológicos en las encuestas (ver documentos metodológicos). Fuente: GenLAC (CEDLAS).
SLV2017,Ratio mujeres/hombres (media calificación),SLV,ENUT 2017,2017,3.249875068664551,28,,Ratio calificación,15,El Salvador,Horas semanales promedio dedicadas a tareas domésticas en el hogar.,Horas en tareas domésticas,Población de referencia entre 25 y 64 años. Las series pueden presentar saltos por cambios metodológicos en las encuestas (ver documentos metodológicos). Fuente: GenLAC (CEDLAS).
SLV2017,Ratio mujeres/hombres (alta calificación),SLV,ENUT 2017,2017,2.473552942276001,29,,Ratio calificación,15,El Salvador,Horas semanales promedio dedicadas a tareas domésticas en el hogar.,Horas en tareas domésticas,Población de referencia entre 25 y 64 años. Las series pueden presentar saltos por cambios metodológicos en las encuestas (ver documentos metodológicos). Fuente: GenLAC (CEDLAS).
SLV2017,Ratio mujeres/hombres (baja calificación),SLV,ENUT 2017,2017,4.150520324707031,27,,Ratio calificación,15,El Salvador,Horas semanales promedio dedicadas a tareas domésticas en el hogar.,Horas en tareas domésticas,Población de referencia entre 25 y 64 años. Las series pueden presentar saltos por cambios metodológicos en las encuestas (ver documentos metodológicos). Fuente: GenLAC (CEDLAS).
SLV2017,Ratio mujeres/hombres (sin hijos),SLV,ENUT 2017,2017,2.692563772201538,32,,Ratio hijos,13,El Salvador,Horas semanales promedio dedicadas a tareas domésticas en el hogar.,Horas en tareas domésticas,Población de referencia entre 25 y 64 años. Las series pueden presentar saltos por cambios metodológicos en las encuestas (ver documentos metodológicos). Fuente: GenLAC (CEDLAS).
SLV2017,Ratio mujeres/hombres (en pareja),SLV,ENUT 2017,2017,4.786596775054932,31,,Ratio situación conyugal,14,El Salvador,Horas semanales promedio dedicadas a tareas domésticas en el hogar.,Horas en tareas domésticas,Población de referencia entre 25 y 64 años. Las series pueden presentar saltos por cambios metodológicos en las encuestas (ver documentos metodológicos). Fuente: GenLAC (CEDLAS).
SLV2017,Ratio mujeres/hombres (solteros),SLV,ENUT 2017,2017,2.424044132232666,30,,Ratio situación conyugal,14,El Salvador,Horas semanales promedio dedicadas a tareas domésticas en el hogar.,Horas en tareas domésticas,Población de referencia entre 25 y 64 años. Las series pueden presentar saltos por cambios metodológicos en las encuestas (ver documentos metodológicos). Fuente: GenLAC (CEDLAS).
SLV2017,Ratio mujeres/hombres (con hijos de 6 años o más),SLV,ENUT 2017,2017,4.502171039581299,34,,Ratio hijos,13,El Salvador,Horas semanales promedio dedicadas a tareas domésticas en el hogar.,Horas en tareas domésticas,Población de referencia entre 25 y 64 años. Las series pueden presentar saltos por cambios metodológicos en las encuestas (ver documentos metodológicos). Fuente: GenLAC (CEDLAS).
GTM2011,Ratio mujeres/hombres (con hijos de 0 a 5 años),GTM,ENCOVI 2011,2011,11.95362567901611,33,,Ratio hijos,13,Guatemala,Horas semanales promedio dedicadas a tareas domésticas en el hogar.,Horas en tareas domésticas,Población de referencia entre 25 y 64 años. Las series pueden presentar saltos por cambios metodológicos en las encuestas (ver documentos metodológicos). Fuente: GenLAC (CEDLAS).
GTM2011,Ratio mujeres/hombres (con hijos de 6 años o más),GTM,ENCOVI 2011,2011,9.038816452026367,34,,Ratio hijos,13,Guatemala,Horas semanales promedio dedicadas a tareas domésticas en el hogar.,Horas en tareas domésticas,Población de referencia entre 25 y 64 años. Las series pueden presentar saltos por cambios metodológicos en las encuestas (ver documentos metodológicos). Fuente: GenLAC (CEDLAS).
GTM2011,Ratio mujeres/hombres (solteros),GTM,ENCOVI 2011,2011,4.670585632324219,30,,Ratio situación conyugal,14,Guatemala,Horas semanales promedio dedicadas a tareas domésticas en el hogar.,Horas en tareas domésticas,Población de referencia entre 25 y 64 años. Las series pueden presentar saltos por cambios metodológicos en las encuestas (ver documentos metodológicos). Fuente: GenLAC (CEDLAS).
GTM2011,Ratio mujeres/hombres (media calificación),GTM,ENCOVI 2011,2011,6.547435760498047,28,,Ratio calificación,15,Guatemala,Horas semanales promedio dedicadas a tareas domésticas en el hogar.,Horas en tareas domésticas,Población de referencia entre 25 y 64 años. Las series pueden presentar saltos por cambios metodológicos en las encuestas (ver documentos metodológicos). Fuente: GenLAC (CEDLAS).
GTM2011,Ratio mujeres/hombres (sin hijos),GTM,ENCOVI 2011,2011,4.561363220214844,32,,Ratio hijos,13,Guatemala,Horas semanales promedio dedicadas a tareas domésticas en el hogar.,Horas en tareas domésticas,Población de referencia entre 25 y 64 años. Las series pueden presentar saltos por cambios metodológicos en las encuestas (ver documentos metodológicos). Fuente: GenLAC (CEDLAS).
GTM2011,Ratio mujeres/hombres (baja calificación),GTM,ENCOVI 2011,2011,10.15020275115967,27,,Ratio calificación,15,Guatemala,Horas semanales promedio dedicadas a tareas domésticas en el hogar.,Horas en tareas domésticas,Población de referencia entre 25 y 64 años. Las series pueden presentar saltos por cambios metodológicos en las encuestas (ver documentos metodológicos). Fuente: GenLAC (CEDLAS).
GTM2011,Ratio mujeres/hombres (en pareja),GTM,ENCOVI 2011,2011,10.82341861724854,31,,Ratio situación conyugal,14,Guatemala,Horas semanales promedio dedicadas a tareas domésticas en el hogar.,Horas en tareas domésticas,Población de referencia entre 25 y 64 años. Las series pueden presentar saltos por cambios metodológicos en las encuestas (ver documentos metodológicos). Fuente: GenLAC (CEDLAS).
GTM2011,Ratio mujeres/hombres,GTM,ENCOVI 2011,2011,8.872808456420898,26,,Ratio mujeres/hombres,6,Guatemala,Horas semanales promedio dedicadas a tareas domésticas en el hogar.,Horas en tareas domésticas,Población de referencia entre 25 y 64 años. Las series pueden presentar saltos por cambios metodológicos en las encuestas (ver documentos metodológicos). Fuente: GenLAC (CEDLAS).
GTM2011,Ratio mujeres/hombres (alta calificación),GTM,ENCOVI 2011,2011,3.300612449645996,29,,Ratio calificación,15,Guatemala,Horas semanales promedio dedicadas a tareas domésticas en el hogar.,Horas en tareas domésticas,Población de referencia entre 25 y 64 años. Las series pueden presentar saltos por cambios metodológicos en las encuestas (ver documentos metodológicos). Fuente: GenLAC (CEDLAS).
GTM2014,Ratio mujeres/hombres (sin hijos),GTM,ENCOVI 2014,2014,3.119743824005127,32,,Ratio hijos,13,Guatemala,Horas semanales promedio dedicadas a tareas domésticas en el hogar.,Horas en tareas domésticas,Población de referencia entre 25 y 64 años. Las series pueden presentar saltos por cambios metodológicos en las encuestas (ver documentos metodológicos). Fuente: GenLAC (CEDLAS).
GTM2014,Ratio mujeres/hombres (solteros),GTM,ENCOVI 2014,2014,3.070910930633545,30,,Ratio situación conyugal,14,Guatemala,Horas semanales promedio dedicadas a tareas domésticas en el hogar.,Horas en tareas domésticas,Población de referencia entre 25 y 64 años. Las series pueden presentar saltos por cambios metodológicos en las encuestas (ver documentos metodológicos). Fuente: GenLAC (CEDLAS).
GTM2014,Ratio mujeres/hombres (con hijos de 0 a 5 años),GTM,ENCOVI 2014,2014,5.984225749969482,33,,Ratio hijos,13,Guatemala,Horas semanales promedio dedicadas a tareas domésticas en el hogar.,Horas en tareas domésticas,Población de referencia entre 25 y 64 años. Las series pueden presentar saltos por cambios metodológicos en las encuestas (ver documentos metodológicos). Fuente: GenLAC (CEDLAS).
GTM2014,Ratio mujeres/hombres (con hijos de 6 años o más),GTM,ENCOVI 2014,2014,4.968731880187988,34,,Ratio hijos,13,Guatemala,Horas semanales promedio dedicadas a tareas domésticas en el hogar.,Horas en tareas domésticas,Población de referencia entre 25 y 64 años. Las series pueden presentar saltos por cambios metodológicos en las encuestas (ver documentos metodológicos). Fuente: GenLAC (CEDLAS).
GTM2014,Ratio mujeres/hombres (media calificación),GTM,ENCOVI 2014,2014,3.937119245529175,28,,Ratio calificación,15,Guatemala,Horas semanales promedio dedicadas a tareas domésticas en el hogar.,Horas en tareas domésticas,Población de referencia entre 25 y 64 años. Las series pueden presentar saltos por cambios metodológicos en las encuestas (ver documentos metodológicos). Fuente: GenLAC (CEDLAS).
GTM2014,Ratio mujeres/hombres (baja calificación),GTM,ENCOVI 2014,2014,5.181936264038086,27,,Ratio calificación,15,Guatemala,Horas semanales promedio dedicadas a tareas domésticas en el hogar.,Horas en tareas domésticas,Población de referencia entre 25 y 64 años. Las series pueden presentar saltos por cambios metodológicos en las encuestas (ver documentos metodológicos). Fuente: GenLAC (CEDLAS).
GTM2014,Ratio mujeres/hombres (en pareja),GTM,ENCOVI 2014,2014,5.554521083831787,31,,Ratio situación conyugal,14,Guatemala,Horas semanales promedio dedicadas a tareas domésticas en el hogar.,Horas en tareas domésticas,Población de referencia entre 25 y 64 años. Las series pueden presentar saltos por cambios metodológicos en las encuestas (ver documentos metodológicos). Fuente: GenLAC (CEDLAS).
GTM2014,Ratio mujeres/hombres (alta calificación),GTM,ENCOVI 2014,2014,3.052005290985107,29,,Ratio calificación,15,Guatemala,Horas semanales promedio dedicadas a tareas domésticas en el hogar.,Horas en tareas domésticas,Población de referencia entre 25 y 64 años. Las series pueden presentar saltos por cambios metodológicos en las encuestas (ver documentos metodológicos). Fuente: GenLAC (CEDLAS).
GTM2014,Ratio mujeres/hombres,GTM,ENCOVI 2014,2014,4.801921367645264,26,,Ratio mujeres/hombres,6,Guatemala,Horas semanales promedio dedicadas a tareas domésticas en el hogar.,Horas en tareas domésticas,Población de referencia entre 25 y 64 años. Las series pueden presentar saltos por cambios metodológicos en las encuestas (ver documentos metodológicos). Fuente: GenLAC (CEDLAS).
MEX2009,Ratio mujeres/hombres (solteros),MEX,ENUT 2009,2009,4.146764755249023,30,,Ratio situación conyugal,14,México,Horas semanales promedio dedicadas a tareas domésticas en el hogar.,Horas en tareas domésticas,Población de referencia entre 25 y 64 años. Las series pueden presentar saltos por cambios metodológicos en las encuestas (ver documentos metodológicos). Fuente: GenLAC (CEDLAS).
MEX2009,Ratio mujeres/hombres (con hijos de 0 a 5 años),MEX,ENUT 2009,2009,5.097822189331055,33,,Ratio hijos,13,México,Horas semanales promedio dedicadas a tareas domésticas en el hogar.,Horas en tareas domésticas,Población de referencia entre 25 y 64 años. Las series pueden presentar saltos por cambios metodológicos en las encuestas (ver documentos metodológicos). Fuente: GenLAC (CEDLAS).
MEX2009,Ratio mujeres/hombres (con hijos de 6 años o más),MEX,ENUT 2009,2009,4.736999988555908,34,,Ratio hijos,13,México,Horas semanales promedio dedicadas a tareas domésticas en el hogar.,Horas en tareas domésticas,Población de referencia entre 25 y 64 años. Las series pueden presentar saltos por cambios metodológicos en las encuestas (ver documentos metodológicos). Fuente: GenLAC (CEDLAS).
MEX2009,Ratio mujeres/hombres (sin hijos),MEX,ENUT 2009,2009,2.870456457138062,32,,Ratio hijos,13,México,Horas semanales promedio dedicadas a tareas domésticas en el hogar.,Horas en tareas domésticas,Población de referencia entre 25 y 64 años. Las series pueden presentar saltos por cambios metodológicos en las encuestas (ver documentos metodológicos). Fuente: GenLAC (CEDLAS).
MEX2009,Ratio mujeres/hombres (media calificación),MEX,ENUT 2009,2009,4.073603630065918,28,,Ratio calificación,15,México,Horas semanales promedio dedicadas a tareas domésticas en el hogar.,Horas en tareas domésticas,Población de referencia entre 25 y 64 años. Las series pueden presentar saltos por cambios metodológicos en las encuestas (ver documentos metodológicos). Fuente: GenLAC (CEDLAS).
MEX2009,Ratio mujeres/hombres (baja calificación),MEX,ENUT 2009,2009,5.21951150894165,27,,Ratio calificación,15,México,Horas semanales promedio dedicadas a tareas domésticas en el hogar.,Horas en tareas domésticas,Población de referencia entre 25 y 64 años. Las series pueden presentar saltos por cambios metodológicos en las encuestas (ver documentos metodológicos). Fuente: GenLAC (CEDLAS).
MEX2009,Ratio mujeres/hombres,MEX,ENUT 2009,2009,4.233392238616943,26,,Ratio mujeres/hombres,6,México,Horas semanales promedio dedicadas a tareas domésticas en el hogar.,Horas en tareas domésticas,Población de referencia entre 25 y 64 años. Las series pueden presentar saltos por cambios metodológicos en las encuestas (ver documentos metodológicos). Fuente: GenLAC (CEDLAS).
MEX2009,Ratio mujeres/hombres (en pareja),MEX,ENUT 2009,2009,4.668068408966065,31,,Ratio situación conyugal,14,México,Horas semanales promedio dedicadas a tareas domésticas en el hogar.,Horas en tareas domésticas,Población de referencia entre 25 y 64 años. Las series pueden presentar saltos por cambios metodológicos en las encuestas (ver documentos metodológicos). Fuente: GenLAC (CEDLAS).
MEX2009,Ratio mujeres/hombres (alta calificación),MEX,ENUT 2009,2009,2.81115460395813,29,,Ratio calificación,15,México,Horas semanales promedio dedicadas a tareas domésticas en el hogar.,Horas en tareas domésticas,Población de referencia entre 25 y 64 años. Las series pueden presentar saltos por cambios metodológicos en las encuestas (ver documentos metodológicos). Fuente: GenLAC (CEDLAS).
MEX2014,Ratio mujeres/hombres (solteros),MEX,ENUT 2014,2014,3.565736770629883,30,,Ratio situación conyugal,14,México,Horas semanales promedio dedicadas a tareas domésticas en el hogar.,Horas en tareas domésticas,Población de referencia entre 25 y 64 años. Las series pueden presentar saltos por cambios metodológicos en las encuestas (ver documentos metodológicos). Fuente: GenLAC (CEDLAS).
MEX2014,Ratio mujeres/hombres (baja calificación),MEX,ENUT 2014,2014,4.724030494689941,27,,Ratio calificación,15,México,Horas semanales promedio dedicadas a tareas domésticas en el hogar.,Horas en tareas domésticas,Población de referencia entre 25 y 64 años. Las series pueden presentar saltos por cambios metodológicos en las encuestas (ver documentos metodológicos). Fuente: GenLAC (CEDLAS).
MEX2014,Ratio mujeres/hombres (en pareja),MEX,ENUT 2014,2014,4.127576351165772,31,,Ratio situación conyugal,14,México,Horas semanales promedio dedicadas a tareas domésticas en el hogar.,Horas en tareas domésticas,Población de referencia entre 25 y 64 años. Las series pueden presentar saltos por cambios metodológicos en las encuestas (ver documentos metodológicos). Fuente: GenLAC (CEDLAS).
MEX2014,Ratio mujeres/hombres (media calificación),MEX,ENUT 2014,2014,3.612117767333984,28,,Ratio calificación,15,México,Horas semanales promedio dedicadas a tareas domésticas en el hogar.,Horas en tareas domésticas,Población de referencia entre 25 y 64 años. Las series pueden presentar saltos por cambios metodológicos en las encuestas (ver documentos metodológicos). Fuente: GenLAC (CEDLAS).
MEX2014,Ratio mujeres/hombres (alta calificación),MEX,ENUT 2014,2014,2.543615579605103,29,,Ratio calificación,15,México,Horas semanales promedio dedicadas a tareas domésticas en el hogar.,Horas en tareas domésticas,Población de referencia entre 25 y 64 años. Las series pueden presentar saltos por cambios metodológicos en las encuestas (ver documentos metodológicos). Fuente: GenLAC (CEDLAS).
MEX2014,Ratio mujeres/hombres (con hijos de 0 a 5 años),MEX,ENUT 2014,2014,4.651541709899902,33,,Ratio hijos,13,México,Horas semanales promedio dedicadas a tareas domésticas en el hogar.,Horas en tareas domésticas,Población de referencia entre 25 y 64 años. Las series pueden presentar saltos por cambios metodológicos en las encuestas (ver documentos metodológicos). Fuente: GenLAC (CEDLAS).
MEX2014,Ratio mujeres/hombres,MEX,ENUT 2014,2014,3.680039167404175,26,,Ratio mujeres/hombres,6,México,Horas semanales promedio dedicadas a tareas domésticas en el hogar.,Horas en tareas domésticas,Población de referencia entre 25 y 64 años. Las series pueden presentar saltos por cambios metodológicos en las encuestas (ver documentos metodológicos). Fuente: GenLAC (CEDLAS).
MEX2014,Ratio mujeres/hombres (sin hijos),MEX,ENUT 2014,2014,2.505158424377441,32,,Ratio hijos,13,México,Horas semanales promedio dedicadas a tareas domésticas en el hogar.,Horas en tareas domésticas,Población de referencia entre 25 y 64 años. Las series pueden presentar saltos por cambios metodológicos en las encuestas (ver documentos metodológicos). Fuente: GenLAC (CEDLAS).
MEX2014,Ratio mujeres/hombres (con hijos de 6 años o más),MEX,ENUT 2014,2014,4.218561172485352,34,,Ratio hijos,13,México,Horas semanales promedio dedicadas a tareas domésticas en el hogar.,Horas en tareas domésticas,Población de referencia entre 25 y 64 años. Las series pueden presentar saltos por cambios metodológicos en las encuestas (ver documentos metodológicos). Fuente: GenLAC (CEDLAS).
PRY2016,Ratio mujeres/hombres,PRY,EUT 2016,2016,4.490395545959473,26,,Ratio mujeres/hombres,6,Paraguay,Horas semanales promedio dedicadas a tareas domésticas en el hogar.,Horas en tareas domésticas,Población de referencia entre 25 y 64 años. Las series pueden presentar saltos por cambios metodológicos en las encuestas (ver documentos metodológicos). Fuente: GenLAC (CEDLAS).
PRY2016,Ratio mujeres/hombres (con hijos de 0 a 5 años),PRY,EUT 2016,2016,5.313424587249756,33,,Ratio hijos,13,Paraguay,Horas semanales promedio dedicadas a tareas domésticas en el hogar.,Horas en tareas domésticas,Población de referencia entre 25 y 64 años. Las series pueden presentar saltos por cambios metodológicos en las encuestas (ver documentos metodológicos). Fuente: GenLAC (CEDLAS).
PRY2016,Ratio mujeres/hombres (media calificación),PRY,EUT 2016,2016,4.588234901428223,28,,Ratio calificación,15,Paraguay,Horas semanales promedio dedicadas a tareas domésticas en el hogar.,Horas en tareas domésticas,Población de referencia entre 25 y 64 años. Las series pueden presentar saltos por cambios metodológicos en las encuestas (ver documentos metodológicos). Fuente: GenLAC (CEDLAS).
PRY2016,Ratio mujeres/hombres (con hijos de 6 años o más),PRY,EUT 2016,2016,4.774048328399658,34,,Ratio hijos,13,Paraguay,Horas semanales promedio dedicadas a tareas domésticas en el hogar.,Horas en tareas domésticas,Población de referencia entre 25 y 64 años. Las series pueden presentar saltos por cambios metodológicos en las encuestas (ver documentos metodológicos). Fuente: GenLAC (CEDLAS).
PRY2016,Ratio mujeres/hombres (alta calificación),PRY,EUT 2016,2016,3.008265018463135,29,,Ratio calificación,15,Paraguay,Horas semanales promedio dedicadas a tareas domésticas en el hogar.,Horas en tareas domésticas,Población de referencia entre 25 y 64 años. Las series pueden presentar saltos por cambios metodológicos en las encuestas (ver documentos metodológicos). Fuente: GenLAC (CEDLAS).
PRY2016,Ratio mujeres/hombres (baja calificación),PRY,EUT 2016,2016,5.132148742675781,27,,Ratio calificación,15,Paraguay,Horas semanales promedio dedicadas a tareas domésticas en el hogar.,Horas en tareas domésticas,Población de referencia entre 25 y 64 años. Las series pueden presentar saltos por cambios metodológicos en las encuestas (ver documentos metodológicos). Fuente: GenLAC (CEDLAS).
PRY2016,Ratio mujeres/hombres (sin hijos),PRY,EUT 2016,2016,2.8930344581604,32,,Ratio hijos,13,Paraguay,Horas semanales promedio dedicadas a tareas domésticas en el hogar.,Horas en tareas domésticas,Población de referencia entre 25 y 64 años. Las series pueden presentar saltos por cambios metodológicos en las encuestas (ver documentos metodológicos). Fuente: GenLAC (CEDLAS).
PRY2016,Ratio mujeres/hombres (en pareja),PRY,EUT 2016,2016,5.217478275299072,31,,Ratio situación conyugal,14,Paraguay,Horas semanales promedio dedicadas a tareas domésticas en el hogar.,Horas en tareas domésticas,Población de referencia entre 25 y 64 años. Las series pueden presentar saltos por cambios metodológicos en las encuestas (ver documentos metodológicos). Fuente: GenLAC (CEDLAS).
PRY2016,Ratio mujeres/hombres (solteros),PRY,EUT 2016,2016,2.822129964828491,30,,Ratio situación conyugal,14,Paraguay,Horas semanales promedio dedicadas a tareas domésticas en el hogar.,Horas en tareas domésticas,Población de referencia entre 25 y 64 años. Las series pueden presentar saltos por cambios metodológicos en las encuestas (ver documentos metodológicos). Fuente: GenLAC (CEDLAS).
PER2010,Ratio mujeres/hombres (baja calificación),PER,ENUT 2010,2010,3.21683406829834,27,,Ratio calificación,15,Perú,Horas semanales promedio dedicadas a tareas domésticas en el hogar.,Horas en tareas domésticas,Población de referencia entre 25 y 64 años. Las series pueden presentar saltos por cambios metodológicos en las encuestas (ver documentos metodológicos). Fuente: GenLAC (CEDLAS).
PER2010,Ratio mujeres/hombres (sin hijos),PER,ENUT 2010,2010,2.124316215515137,32,,Ratio hijos,13,Perú,Horas semanales promedio dedicadas a tareas domésticas en el hogar.,Horas en tareas domésticas,Población de referencia entre 25 y 64 años. Las series pueden presentar saltos por cambios metodológicos en las encuestas (ver documentos metodológicos). Fuente: GenLAC (CEDLAS).
PER2010,Ratio mujeres/hombres (solteros),PER,ENUT 2010,2010,2.042286396026611,30,,Ratio situación conyugal,14,Perú,Horas semanales promedio dedicadas a tareas domésticas en el hogar.,Horas en tareas domésticas,Población de referencia entre 25 y 64 años. Las series pueden presentar saltos por cambios metodológicos en las encuestas (ver documentos metodológicos). Fuente: GenLAC (CEDLAS).
PER2010,Ratio mujeres/hombres (con hijos de 6 años o más),PER,ENUT 2010,2010,2.992303609848023,34,,Ratio hijos,13,Perú,Horas semanales promedio dedicadas a tareas domésticas en el hogar.,Horas en tareas domésticas,Población de referencia entre 25 y 64 años. Las series pueden presentar saltos por cambios metodológicos en las encuestas (ver documentos metodológicos). Fuente: GenLAC (CEDLAS).
PER2010,Ratio mujeres/hombres (en pareja),PER,ENUT 2010,2010,3.409358263015747,31,,Ratio situación conyugal,14,Perú,Horas semanales promedio dedicadas a tareas domésticas en el hogar.,Horas en tareas domésticas,Población de referencia entre 25 y 64 años. Las series pueden presentar saltos por cambios metodológicos en las encuestas (ver documentos metodológicos). Fuente: GenLAC (CEDLAS).
PER2010,Ratio mujeres/hombres (con hijos de 0 a 5 años),PER,ENUT 2010,2010,3.702272891998291,33,,Ratio hijos,13,Perú,Horas semanales promedio dedicadas a tareas domésticas en el hogar.,Horas en tareas domésticas,Población de referencia entre 25 y 64 años. Las series pueden presentar saltos por cambios metodológicos en las encuestas (ver documentos metodológicos). Fuente: GenLAC (CEDLAS).
PER2010,Ratio mujeres/hombres,PER,ENUT 2010,2010,2.966065645217896,26,,Ratio mujeres/hombres,6,Perú,Horas semanales promedio dedicadas a tareas domésticas en el hogar.,Horas en tareas domésticas,Población de referencia entre 25 y 64 años. Las series pueden presentar saltos por cambios metodológicos en las encuestas (ver documentos metodológicos). Fuente: GenLAC (CEDLAS).
PER2010,Ratio mujeres/hombres (media calificación),PER,ENUT 2010,2010,3.07905387878418,28,,Ratio calificación,15,Perú,Horas semanales promedio dedicadas a tareas domésticas en el hogar.,Horas en tareas domésticas,Población de referencia entre 25 y 64 años. Las series pueden presentar saltos por cambios metodológicos en las encuestas (ver documentos metodológicos). Fuente: GenLAC (CEDLAS).
PER2010,Ratio mujeres/hombres (alta calificación),PER,ENUT 2010,2010,2.349825859069824,29,,Ratio calificación,15,Perú,Horas semanales promedio dedicadas a tareas domésticas en el hogar.,Horas en tareas domésticas,Población de referencia entre 25 y 64 años. Las series pueden presentar saltos por cambios metodológicos en las encuestas (ver documentos metodológicos). Fuente: GenLAC (CEDLAS).
DOM2016,Ratio mujeres/hombres (baja calificación),DOM,MUT - ENOHGAR 20,2016,4.178459167480469,27,,Ratio calificación,15,República Dominicana,Horas semanales promedio dedicadas a tareas domésticas en el hogar.,Horas en tareas domésticas,Población de referencia entre 25 y 64 años. Las series pueden presentar saltos por cambios metodológicos en las encuestas (ver documentos metodológicos). Fuente: GenLAC (CEDLAS).
DOM2016,Ratio mujeres/hombres (solteros),DOM,MUT - ENOHGAR 20,2016,2.78702712059021,30,,Ratio situación conyugal,14,República Dominicana,Horas semanales promedio dedicadas a tareas domésticas en el hogar.,Horas en tareas domésticas,Población de referencia entre 25 y 64 años. Las series pueden presentar saltos por cambios metodológicos en las encuestas (ver documentos metodológicos). Fuente: GenLAC (CEDLAS).
DOM2016,Ratio mujeres/hombres (con hijos de 6 años o más),DOM,MUT - ENOHGAR 20,2016,5.244118213653565,34,,Ratio hijos,13,República Dominicana,Horas semanales promedio dedicadas a tareas domésticas en el hogar.,Horas en tareas domésticas,Población de referencia entre 25 y 64 años. Las series pueden presentar saltos por cambios metodológicos en las encuestas (ver documentos metodológicos). Fuente: GenLAC (CEDLAS).
DOM2016,Ratio mujeres/hombres (media calificación),DOM,MUT - ENOHGAR 20,2016,4.284197330474854,28,,Ratio calificación,15,República Dominicana,Horas semanales promedio dedicadas a tareas domésticas en el hogar.,Horas en tareas domésticas,Población de referencia entre 25 y 64 años. Las series pueden presentar saltos por cambios metodológicos en las encuestas (ver documentos metodológicos). Fuente: GenLAC (CEDLAS).
DOM2016,Ratio mujeres/hombres (sin hijos),DOM,MUT - ENOHGAR 20,2016,2.901186466217041,32,,Ratio hijos,13,República Dominicana,Horas semanales promedio dedicadas a tareas domésticas en el hogar.,Horas en tareas domésticas,Población de referencia entre 25 y 64 años. Las series pueden presentar saltos por cambios metodológicos en las encuestas (ver documentos metodológicos). Fuente: GenLAC (CEDLAS).
DOM2016,Ratio mujeres/hombres (con hijos de 0 a 5 años),DOM,MUT - ENOHGAR 20,2016,5.226906776428223,33,,Ratio hijos,13,República Dominicana,Horas semanales promedio dedicadas a tareas domésticas en el hogar.,Horas en tareas domésticas,Población de referencia entre 25 y 64 años. Las series pueden presentar saltos por cambios metodológicos en las encuestas (ver documentos metodológicos). Fuente: GenLAC (CEDLAS).
DOM2016,Ratio mujeres/hombres (alta calificación),DOM,MUT - ENOHGAR 20,2016,2.919580698013306,29,,Ratio calificación,15,República Dominicana,Horas semanales promedio dedicadas a tareas domésticas en el hogar.,Horas en tareas domésticas,Población de referencia entre 25 y 64 años. Las series pueden presentar saltos por cambios metodológicos en las encuestas (ver documentos metodológicos). Fuente: GenLAC (CEDLAS).
DOM2016,Ratio mujeres/hombres (en pareja),DOM,MUT - ENOHGAR 20,2016,5.275722026824951,31,,Ratio situación conyugal,14,República Dominicana,Horas semanales promedio dedicadas a tareas domésticas en el hogar.,Horas en tareas domésticas,Población de referencia entre 25 y 64 años. Las series pueden presentar saltos por cambios metodológicos en las encuestas (ver documentos metodológicos). Fuente: GenLAC (CEDLAS).
DOM2016,Ratio mujeres/hombres,DOM,MUT - ENOHGAR 20,2016,3.901123046875,26,,Ratio mujeres/hombres,6,República Dominicana,Horas semanales promedio dedicadas a tareas domésticas en el hogar.,Horas en tareas domésticas,Población de referencia entre 25 y 64 años. Las series pueden presentar saltos por cambios metodológicos en las encuestas (ver documentos metodológicos). Fuente: GenLAC (CEDLAS).
URY2007,Ratio mujeres/hombres (alta calificación),URY,MUT - ECH 2007,2007,2.422411203384399,29,,Ratio calificación,15,Uruguay,Horas semanales promedio dedicadas a tareas domésticas en el hogar.,Horas en tareas domésticas,Población de referencia entre 25 y 64 años. Las series pueden presentar saltos por cambios metodológicos en las encuestas (ver documentos metodológicos). Fuente: GenLAC (CEDLAS).
URY2007,Ratio mujeres/hombres (baja calificación),URY,MUT - ECH 2007,2007,3.389208078384399,27,,Ratio calificación,15,Uruguay,Horas semanales promedio dedicadas a tareas domésticas en el hogar.,Horas en tareas domésticas,Población de referencia entre 25 y 64 años. Las series pueden presentar saltos por cambios metodológicos en las encuestas (ver documentos metodológicos). Fuente: GenLAC (CEDLAS).
URY2007,Ratio mujeres/hombres (con hijos de 6 años o más),URY,MUT - ECH 2007,2007,3.298744678497315,34,,Ratio hijos,13,Uruguay,Horas semanales promedio dedicadas a tareas domésticas en el hogar.,Horas en tareas domésticas,Población de referencia entre 25 y 64 años. Las series pueden presentar saltos por cambios metodológicos en las encuestas (ver documentos metodológicos). Fuente: GenLAC (CEDLAS).
URY2007,Ratio mujeres/hombres (solteros),URY,MUT - ECH 2007,2007,2.032225608825684,30,,Ratio situación conyugal,14,Uruguay,Horas semanales promedio dedicadas a tareas domésticas en el hogar.,Horas en tareas domésticas,Población de referencia entre 25 y 64 años. Las series pueden presentar saltos por cambios metodológicos en las encuestas (ver documentos metodológicos). Fuente: GenLAC (CEDLAS).
URY2007,Ratio mujeres/hombres (con hijos de 0 a 5 años),URY,MUT - ECH 2007,2007,2.939739465713501,33,,Ratio hijos,13,Uruguay,Horas semanales promedio dedicadas a tareas domésticas en el hogar.,Horas en tareas domésticas,Población de referencia entre 25 y 64 años. Las series pueden presentar saltos por cambios metodológicos en las encuestas (ver documentos metodológicos). Fuente: GenLAC (CEDLAS).
URY2007,Ratio mujeres/hombres (media calificación),URY,MUT - ECH 2007,2007,2.861956596374512,28,,Ratio calificación,15,Uruguay,Horas semanales promedio dedicadas a tareas domésticas en el hogar.,Horas en tareas domésticas,Población de referencia entre 25 y 64 años. Las series pueden presentar saltos por cambios metodológicos en las encuestas (ver documentos metodológicos). Fuente: GenLAC (CEDLAS).
URY2007,Ratio mujeres/hombres,URY,MUT - ECH 2007,2007,2.974939584732056,26,,Ratio mujeres/hombres,6,Uruguay,Horas semanales promedio dedicadas a tareas domésticas en el hogar.,Horas en tareas domésticas,Población de referencia entre 25 y 64 años. Las series pueden presentar saltos por cambios metodológicos en las encuestas (ver documentos metodológicos). Fuente: GenLAC (CEDLAS).
URY2007,Ratio mujeres/hombres (sin hijos),URY,MUT - ECH 2007,2007,2.703519582748413,32,,Ratio hijos,13,Uruguay,Horas semanales promedio dedicadas a tareas domésticas en el hogar.,Horas en tareas domésticas,Población de referencia entre 25 y 64 años. Las series pueden presentar saltos por cambios metodológicos en las encuestas (ver documentos metodológicos). Fuente: GenLAC (CEDLAS).
URY2007,Ratio mujeres/hombres (en pareja),URY,MUT - ECH 2007,2007,3.478737115859985,31,,Ratio situación conyugal,14,Uruguay,Horas semanales promedio dedicadas a tareas domésticas en el hogar.,Horas en tareas domésticas,Población de referencia entre 25 y 64 años. Las series pueden presentar saltos por cambios metodológicos en las encuestas (ver documentos metodológicos). Fuente: GenLAC (CEDLAS).
URY2013,Ratio mujeres/hombres (alta calificación),URY,EUT 2013,2013,2.176111698150635,29,,Ratio calificación,15,Uruguay,Horas semanales promedio dedicadas a tareas domésticas en el hogar.,Horas en tareas domésticas,Población de referencia entre 25 y 64 años. Las series pueden presentar saltos por cambios metodológicos en las encuestas (ver documentos metodológicos). Fuente: GenLAC (CEDLAS).
URY2013,Ratio mujeres/hombres (con hijos de 0 a 5 años),URY,EUT 2013,2013,2.864866256713867,33,,Ratio hijos,13,Uruguay,Horas semanales promedio dedicadas a tareas domésticas en el hogar.,Horas en tareas domésticas,Población de referencia entre 25 y 64 años. Las series pueden presentar saltos por cambios metodológicos en las encuestas (ver documentos metodológicos). Fuente: GenLAC (CEDLAS).
URY2013,Ratio mujeres/hombres,URY,EUT 2013,2013,2.740622997283936,26,,Ratio mujeres/hombres,6,Uruguay,Horas semanales promedio dedicadas a tareas domésticas en el hogar.,Horas en tareas domésticas,Población de referencia entre 25 y 64 años. Las series pueden presentar saltos por cambios metodológicos en las encuestas (ver documentos metodológicos). Fuente: GenLAC (CEDLAS).
URY2013,Ratio mujeres/hombres (media calificación),URY,EUT 2013,2013,2.573304891586304,28,,Ratio calificación,15,Uruguay,Horas semanales promedio dedicadas a tareas domésticas en el hogar.,Horas en tareas domésticas,Población de referencia entre 25 y 64 años. Las series pueden presentar saltos por cambios metodológicos en las encuestas (ver documentos metodológicos). Fuente: GenLAC (CEDLAS).
URY2013,Ratio mujeres/hombres (solteros),URY,EUT 2013,2013,2.184976100921631,30,,Ratio situación conyugal,14,Uruguay,Horas semanales promedio dedicadas a tareas domésticas en el hogar.,Horas en tareas domésticas,Población de referencia entre 25 y 64 años. Las series pueden presentar saltos por cambios metodológicos en las encuestas (ver documentos metodológicos). Fuente: GenLAC (CEDLAS).
URY2013,Ratio mujeres/hombres (baja calificación),URY,EUT 2013,2013,3.368212938308716,27,,Ratio calificación,15,Uruguay,Horas semanales promedio dedicadas a tareas domésticas en el hogar.,Horas en tareas domésticas,Población de referencia entre 25 y 64 años. Las series pueden presentar saltos por cambios metodológicos en las encuestas (ver documentos metodológicos). Fuente: GenLAC (CEDLAS).
URY2013,Ratio mujeres/hombres (sin hijos),URY,EUT 2013,2013,2.071347951889038,32,,Ratio hijos,13,Uruguay,Horas semanales promedio dedicadas a tareas domésticas en el hogar.,Horas en tareas domésticas,Población de referencia entre 25 y 64 años. Las series pueden presentar saltos por cambios metodológicos en las encuestas (ver documentos metodológicos). Fuente: GenLAC (CEDLAS).
URY2013,Ratio mujeres/hombres (en pareja),URY,EUT 2013,2013,3.001963376998901,31,,Ratio situación conyugal,14,Uruguay,Horas semanales promedio dedicadas a tareas domésticas en el hogar.,Horas en tareas domésticas,Población de referencia entre 25 y 64 años. Las series pueden presentar saltos por cambios metodológicos en las encuestas (ver documentos metodológicos). Fuente: GenLAC (CEDLAS).
URY2013,Ratio mujeres/hombres (con hijos de 6 años o más),URY,EUT 2013,2013,3.057363271713257,34,,Ratio hijos,13,Uruguay,Horas semanales promedio dedicadas a tareas domésticas en el hogar.,Horas en tareas domésticas,Población de referencia entre 25 y 64 años. Las series pueden presentar saltos por cambios metodológicos en las encuestas (ver documentos metodológicos). Fuente: GenLAC (CEDLAS).
